automotive_qsort1,sorted_output.dat
telecom_adpcm_d,output_large.pcm
telecom_gsm,output_large.encode.gsm
consumer_tiffdither,output_largedither.tif
network_dijkstra,output_large.dat
consumer_tiff2bw,output_largebw.tif
security_blowfish_d,output_large.txt
automotive_susan_e,output_large.edges.pgm
automotive_bitcount,ftmp_out
security_blowfish_e,output_large.enc
telecom_adpcm_c,output_large.adpcm
consumer_jpeg_c,output_large_encode.jpeg
consumer_lame,output_large.mp3
automotive_susan_s,output_large.smoothing.pgm
bzip2d,ftmp_out
bzip2e,ftmp_out
network_patricia,output_large.txt
office_rsynth,large_output.au
office_stringsearch1,output.txt
telecom_CRC32,output_large.txt
